{
  "embedding_model": "BAAI/bge-m3",
  "reranking_enabled": true,
  "reranking_model": "cross-encoder/mmarco-mMiniLMv2-L12-H384-v1",
  "queries": [
    "Vladimir Putin bombardiral Ukrajino",
    "Ruski napadi na Kijev",
    "Ukrajinska protiofenziva proti ruski vojski",
    "Vojaška pomoč Zahoda Ukrajini",
    "NATO odziv na rusko invazijo",
    "Evropska unija sankcije Rusiji",
    "Ruski raketni napadi na civiliste",
    "Ukrajinski begunci zaradi vojne",
    "Ameriška podpora Ukrajini",
    "Mirovna pogajanja med Rusijo in Ukrajino",
    "Zasedba ukrajinskih ozemelj",
    "Ruska vojska v Donbasu",
    "Napadi z droni v Ukrajini",
    "Ukrajinska obramba Harkova",
    "Putinove izjave o vojni v Ukrajini",
    "Energetska kriza zaradi vojne v Ukrajini",
    "Mednarodne reakcije na rusko agresijo",
    "Humanitarna kriza v Ukrajini",
    "Ukrajinski predsednik Zelenski o vojni",
    "Posledice vojne med Rusijo in Ukrajino"
  ],
  "db_n": 200,
  "max_k": 50,
  "average_results": {
    "ndcg@2": 0.9868913212353801,
    "ndcg@3": 0.9771091538693941,
    "ndcg@4": 0.9597407616497886,
    "ndcg@5": 0.9554053135603455,
    "ndcg@6": 0.9461238972096476,
    "ndcg@7": 0.9458401434444001,
    "ndcg@8": 0.9429208811464214,
    "ndcg@9": 0.9419234396127459,
    "ndcg@10": 0.9379520238715495,
    "ndcg@11": 0.9351633239881301,
    "ndcg@12": 0.9320557570860997,
    "ndcg@13": 0.9312724950303755,
    "ndcg@14": 0.9300081647220709,
    "ndcg@15": 0.9294017190924176,
    "ndcg@16": 0.928279953564591,
    "ndcg@17": 0.9289900616644374,
    "ndcg@18": 0.9283824825679737,
    "ndcg@19": 0.9272175873464124,
    "ndcg@20": 0.9254624569436878,
    "ndcg@21": 0.9253459041807812,
    "ndcg@22": 0.9225140200182764,
    "ndcg@23": 0.9212853070088733,
    "ndcg@24": 0.9193053438729187,
    "ndcg@25": 0.9183620830412222,
    "ndcg@26": 0.9181892114385425,
    "ndcg@27": 0.9178665242661129,
    "ndcg@28": 0.916945287513099,
    "ndcg@29": 0.9169961795196129,
    "ndcg@30": 0.9173593630280725,
    "ndcg@31": 0.9169969084807603,
    "ndcg@32": 0.9167759165169593,
    "ndcg@33": 0.9164714242487418,
    "ndcg@34": 0.9152068573883776,
    "ndcg@35": 0.9155767983992188,
    "ndcg@36": 0.9156671790505306,
    "ndcg@37": 0.9152929710015243,
    "ndcg@38": 0.9157184619270922,
    "ndcg@39": 0.9159994936533771,
    "ndcg@40": 0.915948175839848,
    "ndcg@41": 0.9162044456769965,
    "ndcg@42": 0.9157728065663084,
    "ndcg@43": 0.9163987845501465,
    "ndcg@44": 0.9164555274466787,
    "ndcg@45": 0.9169951669900731,
    "ndcg@46": 0.9173805428798998,
    "ndcg@47": 0.9178402051118546,
    "ndcg@48": 0.9182503761363531,
    "ndcg@49": 0.9184019733305016,
    "ndcg@50": 0.9183976040806158
  }
}